,Cost,QALY,D_Cost,D_Qaly
No Intervention,0.0,0.0,0.0,0.0
C4H,395.6739421630437,0.0040362910573907744,391.60971696800533,0.0038877785647331285
