,Cost,QALY,D_Cost,D_Qaly
No Intervention,0.0,0.0,0.0,0.0
C4H,323.51250525001524,0.0001243810741687955,322.53094118640183,0.0001221275857819151
